image_url,product_title
https://images2.imgix.net/p4dbimg/5/images/6700-75207-80-silo.jpg?fit=fill&bg=FFFFFF&trim=color&trimtol=5&trimcolor=FFFFFF&w=384&h=288&fm=pjpg&auto=format,Big Sky Leg Table w/1-24 in leaf
https://images2.imgix.net/p4dbimg/p78/images/fnm80ei6b.jpg?fit=fill&bg=FFFFFF&trim=color&trimtol=5&trimcolor=FFFFFF&w=384&h=288&fm=pjpg&auto=format,Vintage Brown Round Dining Table
https://images2.imgix.net/p4dbimg/1737/images/930_877_silo.jpg?fit=fill&bg=FFFFFF&trim=color&trimtol=5&trimcolor=FFFFFF&w=384&h=288&fm=pjpg&auto=format,Ironwood Rectangular Dining Table
https://images2.imgix.net/p4dbimg/p78/images/feigt48af.jpg?fit=fill&bg=FFFFFF&trim=color&trimtol=5&trimcolor=FFFFFF&w=384&h=288&fm=pjpg&auto=format,Round Gathering Table
https://images2.imgix.net/p4dbimg/p78/images/thdd4rr2.jpg?fit=fill&bg=FFFFFF&trim=color&trimtol=5&trimcolor=FFFFFF&w=384&h=288&fm=pjpg&auto=format,Dining Table
https://images2.imgix.net/p4dbimg/p78/images/london%20loft%2094%20dining%20table%20walnut.jpg?fit=fill&bg=FFFFFF&trim=color&trimtol=5&trimcolor=FFFFFF&w=384&h=288&fm=pjpg&auto=format,"London Loft 94"" Dining Table Walnut"
https://images2.imgix.net/p4dbimg/805/images/318272_318273_aventura_k1859_frontalt.jpg?fit=fill&bg=FFFFFF&trim=color&trimtol=5&trimcolor=FFFFFF&w=384&h=288&fm=pjpg&auto=format,Aventura Dining Table
https://images2.imgix.net/p4dbimg/991/images/cb54021.jpg?fit=fill&bg=FFFFFF&trim=color&trimtol=5&trimcolor=FFFFFF&w=384&h=288&fm=pjpg&auto=format,The Regency Guest
https://images2.imgix.net/p4dbimg/8/images/416_877_silo.jpg?fit=fill&bg=FFFFFF&trim=color&trimtol=5&trimcolor=FFFFFF&w=384&h=288&fm=pjpg&auto=format,Wellesley Rectangular Dining Table
,Natural Wood and Iron Dining Table
https://images2.imgix.net/p4dbimg/p78/images/f8p-1trina.jpg?fit=fill&bg=FFFFFF&trim=color&trimtol=5&trimcolor=FFFFFF&w=384&h=288&fm=pjpg&auto=format,Natural Wood and Iron Dining Table
https://images2.imgix.net/p4dbimg/p78/images/round%20table%20r1craz.jpg?fit=fill&bg=FFFFFF&trim=color&trimtol=5&trimcolor=FFFFFF&w=384&h=288&fm=pjpg&auto=format,"48"" Round Dining Table"
https://images2.imgix.net/p4dbimg/638/images/269-744.jpg?fit=fill&bg=FFFFFF&trim=color&trimtol=5&trimcolor=FFFFFF&w=384&h=288&fm=pjpg&auto=format,Zane Trestle Table
https://images2.imgix.net/p4dbimg/5/images/6015-75217-89-silo.jpg?fit=fill&bg=FFFFFF&trim=color&trimtol=5&trimcolor=FFFFFF&w=384&h=288&fm=pjpg&auto=format,Sundance Rectangle Dining Table w/2-18in leaves
https://images2.imgix.net/p4dbimg/p78/images/8160wn.jpg?fit=fill&bg=FFFFFF&trim=color&trimtol=5&trimcolor=FFFFFF&w=384&h=288&fm=pjpg&auto=format,Round Dining Table
https://images2.imgix.net/p4dbimg/p78/images/nimes%2098%20dining%20table%20vintage%20brown.jpg?fit=fill&bg=FFFFFF&trim=color&trimtol=5&trimcolor=FFFFFF&w=384&h=288&fm=pjpg&auto=format,Dining Table Vintage Brown
https://images2.imgix.net/p4dbimg/805/images/384242b_384244b_linea_frontalt.jpg?fit=fill&bg=FFFFFF&trim=color&trimtol=5&trimcolor=FFFFFF&w=384&h=288&fm=pjpg&auto=format,Linea Dining Table
https://images2.imgix.net/p4dbimg/5/images/6033-75201-99-silo.jpg?fit=fill&bg=FFFFFF&trim=color&trimtol=5&trimcolor=FFFFFF&w=384&h=288&fm=pjpg&auto=format,Chapman Shou Sugi Ban Petite Round Dining Table
https://images2.imgix.net/p4dbimg/5/images/6150-75200-85-silo.jpg?fit=fill&bg=FFFFFF&trim=color&trimtol=5&trimcolor=FFFFFF&w=384&h=288&fm=pjpg&auto=format,Linville Falls North Fork Rectangle Dining Table w/1-24in Leaf
https://images2.imgix.net/p4dbimg/5/images/6150-75206-85-silo.jpg?fit=fill&bg=FFFFFF&trim=color&trimtol=5&trimcolor=FFFFFF&w=384&h=288&fm=pjpg&auto=format,Linville Falls Norwood Friendship Table
https://images2.imgix.net/p4dbimg/8/images/714_875c_0l_silo.jpg?fit=fill&bg=FFFFFF&trim=color&trimtol=5&trimcolor=FFFFFF&w=384&h=288&fm=pjpg&auto=format,Calerton Round Dining Table
https://images2.imgix.net/p4dbimg/8/images/714_876_1l_silo.jpg?fit=fill&bg=FFFFFF&trim=color&trimtol=5&trimcolor=FFFFFF&w=384&h=288&fm=pjpg&auto=format,Montauk Rectangular Dining Table
https://images2.imgix.net/p4dbimg/8/images/740_875c_1l_silo.jpg?fit=fill&bg=FFFFFF&trim=color&trimtol=5&trimcolor=FFFFFF&w=384&h=288&fm=pjpg&auto=format,Palo Alto Round Dining Table
https://images2.imgix.net/p4dbimg/8/images/740_877_silo.jpg?fit=fill&bg=FFFFFF&trim=color&trimtol=5&trimcolor=FFFFFF&w=384&h=288&fm=pjpg&auto=format,Elk Grove Rectangular Dining Table
https://images2.imgix.net/p4dbimg/1737/images/930_875c_silo.jpg?fit=fill&bg=FFFFFF&trim=color&trimtol=5&trimcolor=FFFFFF&w=384&h=288&fm=pjpg&auto=format,Silvercreek Round Dining Table
https://images2.imgix.net/p4dbimg/p78/images/mountain%20lodge%2080%20dining%20table%20premium%20dark%20walnut.jpg?fit=fill&bg=FFFFFF&trim=color&trimtol=5&trimcolor=FFFFFF&w=384&h=288&fm=pjpg&auto=format,"Mountain Lodge 80"" Dining Table Premium Dark Walnut"
https://images2.imgix.net/p4dbimg/638/images/abs_kincaid_aspire_430-744_silo.jpg?fit=fill&bg=FFFFFF&trim=color&trimtol=5&trimcolor=FFFFFF&w=384&h=288&fm=pjpg&auto=format,Edge Rectangular Dining Table
https://images2.imgix.net/p4dbimg/p78/images/a1p-dtr877a.jpg?fit=fill&bg=FFFFFF&trim=color&trimtol=5&trimcolor=FFFFFF&w=384&h=288&fm=pjpg&auto=format,Dining Table with single leaf extension
https://images2.imgix.net/p4dbimg/805/images/311242_311244_albion_frontalt.jpg?fit=fill&bg=FFFFFF&trim=color&trimtol=5&trimcolor=FFFFFF&w=384&h=288&fm=pjpg&auto=format,Albion Dining Table
https://images2.imgix.net/p4dbimg/5/images/5323_75200silo.jpg?fit=fill&bg=FFFFFF&trim=color&trimtol=5&trimcolor=FFFFFF&w=384&h=288&fm=pjpg&auto=format,Tynecastle Rectangle Leg Dining Table with Two 18'' Leaves
https://images2.imgix.net/p4dbimg/1725/images/2269-877c-per.jpg?fit=fill&bg=FFFFFF&trim=color&trimtol=5&trimcolor=FFFFFF&w=384&h=288&fm=pjpg&auto=format,Liaison Rectangular Dining Table
https://images2.imgix.net/p4dbimg/p78/images/f35-1trina.jpg?fit=fill&bg=FFFFFF&trim=color&trimtol=5&trimcolor=FFFFFF&w=384&h=288&fm=pjpg&auto=format,Natural Wood and Iron Dining Table
https://images2.imgix.net/p4dbimg/p78/images/mountain%20lodge%2054%20round%20table%20premium%20dark%20walnut.jpg?fit=fill&bg=FFFFFF&trim=color&trimtol=5&trimcolor=FFFFFF&w=384&h=288&fm=pjpg&auto=format,"Mountain Lodge 54"" Round Table Premium Dark Walnut"
https://images2.imgix.net/p4dbimg/8/images/416_875c_silo.jpg?fit=fill&bg=FFFFFF&trim=color&trimtol=5&trimcolor=FFFFFF&w=384&h=288&fm=pjpg&auto=format,Regent Round Dining Table
https://images2.imgix.net/p4dbimg/p78/images/avignon%20dining%20table%20honey.jpg?fit=fill&bg=FFFFFF&trim=color&trimtol=5&trimcolor=FFFFFF&w=384&h=288&fm=pjpg&auto=format,"Avignon 80"" Dining Table Honey Brown"
https://images2.imgix.net/p4dbimg/1737/images/931_875c_silo.jpg?fit=fill&bg=FFFFFF&trim=color&trimtol=5&trimcolor=FFFFFF&w=384&h=288&fm=pjpg&auto=format,Selfridge Round Dining Table
https://images2.imgix.net/p4dbimg/1737/images/931_877_silo.jpg?fit=fill&bg=FFFFFF&trim=color&trimtol=5&trimcolor=FFFFFF&w=384&h=288&fm=pjpg&auto=format,Vista Rectangular Dining Table
https://images2.imgix.net/p4dbimg/805/images/384272b_384273b_linea_front.jpg?fit=fill&bg=FFFFFF&trim=color&trimtol=5&trimcolor=FFFFFF&w=384&h=288&fm=pjpg&auto=format,Linea Dining Table
https://images2.imgix.net/p4dbimg/805/images/311274_311275_albion_frontalt.jpg?fit=fill&bg=FFFFFF&trim=color&trimtol=5&trimcolor=FFFFFF&w=384&h=288&fm=pjpg&auto=format,Albion Dining Table
https://images2.imgix.net/p4dbimg/p78/images/palm%20springs%2048%20brown%20lajaria%20marble%20round%20dining%20table%20fluted%20iron%20decorative%20base.jpg?fit=fill&bg=FFFFFF&trim=color&trimtol=5&trimcolor=FFFFFF&w=384&h=288&fm=pjpg&auto=format,Brown Lajaria Marble Round Dining Table
https://images2.imgix.net/p4dbimg/1725/images/2085-870c_per.jpg?fit=fill&bg=FFFFFF&trim=color&trimtol=5&trimcolor=FFFFFF&w=384&h=288&fm=pjpg&auto=format,Iteration Round Dining Table
https://images2.imgix.net/p4dbimg/1257/images/301272_301273_cahill_frontalt.jpg?fit=fill&bg=FFFFFF&trim=color&trimtol=5&trimcolor=FFFFFF&w=384&h=288&fm=pjpg&auto=format,Cahill Dining Table
https://images2.imgix.net/p4dbimg/p78/images/loft%2072%20dining%20table%20walnut.jpg?fit=fill&bg=FFFFFF&trim=color&trimtol=5&trimcolor=FFFFFF&w=384&h=288&fm=pjpg&auto=format,Loft 72 Dining Table Walnut
https://images2.imgix.net/p4dbimg/p78/images/4800-54-corona-pedestal-table.jpg?fit=fill&bg=FFFFFF&trim=color&trimtol=5&trimcolor=FFFFFF&w=384&h=288&fm=pjpg&auto=format,Pedestal Dining Table
https://images2.imgix.net/p4dbimg/1737/images/915_875c_silo.jpg?fit=fill&bg=FFFFFF&trim=color&trimtol=5&trimcolor=FFFFFF&w=384&h=288&fm=pjpg&auto=format,Layton Dining Table
https://images2.imgix.net/p4dbimg/1725/images/2223-877c-41_per.jpg?fit=fill&bg=FFFFFF&trim=color&trimtol=5&trimcolor=FFFFFF&w=384&h=288&fm=pjpg&auto=format,Emissary Rectangular Dining Table- Grigio Finish
https://images2.imgix.net/p4dbimg/1725/images/2224-870c-39_per.jpg?fit=fill&bg=FFFFFF&trim=color&trimtol=5&trimcolor=FFFFFF&w=384&h=288&fm=pjpg&auto=format,Chronicle Round Dining Table- Antico Finish
https://images2.imgix.net/p4dbimg/1469/images/561_875c_silo.jpg?fit=fill&bg=FFFFFF&trim=color&trimtol=5&trimcolor=FFFFFF&w=384&h=288&fm=pjpg&auto=format,Atwell Dining Table
https://images2.imgix.net/p4dbimg/1337/images/57-4278-212.jpg?fit=fill&bg=FFFFFF&trim=color&trimtol=5&trimcolor=FFFFFF&w=384&h=288&fm=pjpg&auto=format,Naples Double Pedestal Table
https://images2.imgix.net/p4dbimg/1110/images/8063-43.jpg?fit=fill&bg=FFFFFF&trim=color&trimtol=5&trimcolor=FFFFFF&w=384&h=288&fm=pjpg&auto=format,Arcadian Dining Table
https://images2.imgix.net/p4dbimg/1110/images/8063-48-8063-tb.jpg?fit=fill&bg=FFFFFF&trim=color&trimtol=5&trimcolor=FFFFFF&w=384&h=288&fm=pjpg&auto=format,Arcadian Single Pedestal Table Base
https://images2.imgix.net/p4dbimg/0/images/9105t-sh%20no%20leaves%20ho.jpg?fit=fill&bg=FFFFFF&trim=color&trimtol=5&trimcolor=FFFFFF&w=384&h=288&fm=pjpg&auto=format,Schiller Dining Table
https://images2.imgix.net/p4dbimg/1737/images/926-873c.jpg?fit=fill&bg=FFFFFF&trim=color&trimtol=5&trimcolor=FFFFFF&w=384&h=288&fm=pjpg&auto=format,Seaboard Bistro
https://images2.imgix.net/p4dbimg/991/images/5402-022_main_1.jpg?fit=fill&bg=FFFFFF&trim=color&trimtol=5&trimcolor=FFFFFF&w=384&h=288&fm=pjpg&auto=format,Decoto
https://images2.imgix.net/p4dbimg/991/images/5402-023_main_1.jpg?fit=fill&bg=FFFFFF&trim=color&trimtol=5&trimcolor=FFFFFF&w=384&h=288&fm=pjpg&auto=format,Decoto II
https://images2.imgix.net/p4dbimg/805/images/363271g_363273g_criteria_k1030_frontalt.jpg?fit=fill&bg=FFFFFF&trim=color&trimtol=5&trimcolor=FFFFFF&w=384&h=288&fm=pjpg&auto=format,Criteria Dining Table
https://images2.imgix.net/p4dbimg/805/images/385242_385244_santa-barbara_frontalt.jpg?fit=fill&bg=FFFFFF&trim=color&trimtol=5&trimcolor=FFFFFF&w=384&h=288&fm=pjpg&auto=format,Santa Barbara Dining Table
https://images2.imgix.net/p4dbimg/805/images/385272_385273_santa-barbara_frontalt.jpg?fit=fill&bg=FFFFFF&trim=color&trimtol=5&trimcolor=FFFFFF&w=384&h=288&fm=pjpg&auto=format,Santa Barbara Dining Table
https://images2.imgix.net/p4dbimg/1336/images/54x54table_silo_ho_alt_hi.jpg?fit=fill&bg=FFFFFF&trim=color&trimtol=5&trimcolor=FFFFFF&w=384&h=288&fm=pjpg&auto=format,Aurora Pedestal Base
https://images2.imgix.net/p4dbimg/p78/images/467-tuscany-trestle-extension-table-1.jpg?fit=fill&bg=FFFFFF&trim=color&trimtol=5&trimcolor=FFFFFF&w=384&h=288&fm=pjpg&auto=format,Trestle Table
https://images2.imgix.net/p4dbimg/p78/images/industrial%20loft%20gathering%20table.jpg?fit=fill&bg=FFFFFF&trim=color&trimtol=5&trimcolor=FFFFFF&w=384&h=288&fm=pjpg&auto=format,"Industrial Loft 72"" Gathering Table Walnut"
https://images2.imgix.net/p4dbimg/p78/images/lido%20round%20dining%20table.jpg?fit=fill&bg=FFFFFF&trim=color&trimtol=5&trimcolor=FFFFFF&w=384&h=288&fm=pjpg&auto=format,"Lido Round Dining Table, crafted from a Prima Vera in our deep Bistre finish"
https://images2.imgix.net/p4dbimg/1469/images/619-877.jpg?fit=fill&bg=FFFFFF&trim=color&trimtol=5&trimcolor=FFFFFF&w=384&h=288&fm=pjpg&auto=format,Pembroke Rectangular Dining Table
https://images2.imgix.net/p4dbimg/5/images/6950-75200-80-silo.jpg?fit=fill&bg=FFFFFF&trim=color&trimtol=5&trimcolor=FFFFFF&w=384&h=288&fm=pjpg&auto=format,Retreat Rectangle Dining Table w/1-22in leaf
https://images2.imgix.net/p4dbimg/805/images/304272_304273_mirabelle_frontalt.jpg?fit=fill&bg=FFFFFF&trim=color&trimtol=5&trimcolor=FFFFFF&w=384&h=288&fm=pjpg&auto=format,Mirabelle Dining Table
https://images2.imgix.net/p4dbimg/117/images/vth_vma_048.jpg?fit=fill&bg=FFFFFF&trim=color&trimtol=5&trimcolor=FFFFFF&w=384&h=288&fm=pjpg&auto=format,Preston Dining Table
https://images2.imgix.net/p4dbimg/991/images/tas54086.c254_main_1.jpg?fit=fill&bg=FFFFFF&trim=color&trimtol=5&trimcolor=FFFFFF&w=384&h=288&fm=pjpg&auto=format,Nova Rectangular Dining Table
https://images2.imgix.net/p4dbimg/805/images/318242_318244_aventura_k1858_frontalt.jpg?fit=fill&bg=FFFFFF&trim=color&trimtol=5&trimcolor=FFFFFF&w=384&h=288&fm=pjpg&auto=format,Aventura Dining Table
https://images2.imgix.net/p4dbimg/991/images/tas54004.c078_main_1.jpg?fit=fill&bg=FFFFFF&trim=color&trimtol=5&trimcolor=FFFFFF&w=384&h=288&fm=pjpg&auto=format,Sabon Dining Table II
https://images2.imgix.net/p4dbimg/991/images/tas54004.c079_main_1.jpg?fit=fill&bg=FFFFFF&trim=color&trimtol=5&trimcolor=FFFFFF&w=384&h=288&fm=pjpg&auto=format,Sabon Dining Table II
https://images2.imgix.net/p4dbimg/638/images/706-701c_silo.jpg?fit=fill&bg=FFFFFF&trim=color&trimtol=5&trimcolor=FFFFFF&w=384&h=288&fm=pjpg&auto=format,Button Dining Table
https://images2.imgix.net/p4dbimg/638/images/706-701s_silo.jpg?fit=fill&bg=FFFFFF&trim=color&trimtol=5&trimcolor=FFFFFF&w=384&h=288&fm=pjpg&auto=format,Button Dining Table
https://images2.imgix.net/p4dbimg/638/images/706-706c_silo.jpg?fit=fill&bg=FFFFFF&trim=color&trimtol=5&trimcolor=FFFFFF&w=384&h=288&fm=pjpg&auto=format,Kimler Counter Height Dining Table-complete
https://images2.imgix.net/p4dbimg/805/images/318h29_318fr29_aventura_k1861_angle.jpg?fit=fill&bg=FFFFFF&trim=color&trimtol=5&trimcolor=FFFFFF&w=384&h=288&fm=pjpg&auto=format,Aventura Panel Bed
https://images2.imgix.net/p4dbimg/750/images/u365290b-1.jpg?fit=fill&bg=FFFFFF&trim=color&trimtol=5&trimcolor=FFFFFF&w=384&h=288&fm=pjpg&auto=format,Aventura Panel Bed
https://images2.imgix.net/p4dbimg/p78/images/aspenbed1.jpg?fit=fill&bg=FFFFFF&trim=color&trimtol=5&trimcolor=FFFFFF&w=384&h=288&fm=pjpg&auto=format,Cascade Canopy Bed
https://images2.imgix.net/p4dbimg/1638/images/lup01-k66_bed.original.jpg?fit=fill&bg=FFFFFF&trim=color&trimtol=5&trimcolor=FFFFFF&w=384&h=288&fm=pjpg&auto=format,Aspen King Bed Walnut
https://images2.imgix.net/p4dbimg/638/images/706-316c_silo.jpg?fit=fill&bg=FFFFFF&trim=color&trimtol=5&trimcolor=FFFFFF&w=384&h=288&fm=pjpg&auto=format,Serenity Leather King Bed
https://images2.imgix.net/p4dbimg/805/images/318h06_318fr06_b640_aventura_k1860_angle.jpg?fit=fill&bg=FFFFFF&trim=color&trimtol=5&trimcolor=FFFFFF&w=384&h=288&fm=pjpg&auto=format,Eastburn Sleigh Queen Bed - Complete
https://images2.imgix.net/p4dbimg/638/images/706-316s_silo.jpg?fit=fill&bg=FFFFFF&trim=color&trimtol=5&trimcolor=FFFFFF&w=384&h=288&fm=pjpg&auto=format,Aventura Panel Bed
https://images2.imgix.net/p4dbimg/638/images/76-131.jpg?fit=fill&bg=FFFFFF&trim=color&trimtol=5&trimcolor=FFFFFF&w=384&h=288&fm=pjpg&auto=format,Eastburn Sleigh Queen Bed - Complete
,Shelter Queen Bed - Complete
https://www.coloradostyle.com/cid1309/css/1353/images/footerlogo.png,Tara Bed
https://images2.imgix.net/p4dbimg/638/images/abs_160-306r_kincaid_debut_silo.jpg?fit=fill&bg=FFFFFF&trim=color&trimtol=5&trimcolor=FFFFFF&w=384&h=288&fm=pjpg&auto=format,Shelter Queen Bed - Complete
https://images2.imgix.net/p4dbimg/758/images/blake_1094_queen_cbmpf_blacksuede_finish_angle.jpg?fit=fill&bg=FFFFFF&trim=color&trimtol=5&trimcolor=FFFFFF&w=384&h=288&fm=pjpg&auto=format,Wyatt Panel Queen Bed - Complete
https://images2.imgix.net/p4dbimg/638/images/75-131.jpg?fit=fill&bg=FFFFFF&trim=color&trimtol=5&trimcolor=FFFFFF&w=384&h=288&fm=pjpg&auto=format,Blake Iron Bed
https://images2.imgix.net/p4dbimg/805/images/315h09_315fr09_b584_modulum_angle.jpg?fit=fill&bg=FFFFFF&trim=color&trimtol=5&trimcolor=FFFFFF&w=384&h=288&fm=pjpg&auto=format,Shelter Queen Bed - Complete
https://images2.imgix.net/p4dbimg/805/images/317h09_317fr09_b638_casaparos_k1857_angle.jpg?fit=fill&bg=FFFFFF&trim=color&trimtol=5&trimcolor=FFFFFF&w=384&h=288&fm=pjpg&auto=format,Modulum Panel Bed
https://images2.imgix.net/p4dbimg/p78/images/king%20bed%20lido.jpg?fit=fill&bg=FFFFFF&trim=color&trimtol=5&trimcolor=FFFFFF&w=384&h=288&fm=pjpg&auto=format,Casa Paros Panel Bed
https://images2.imgix.net/p4dbimg/1469/images/556_144c_silo.jpg?fit=fill&bg=FFFFFF&trim=color&trimtol=5&trimcolor=FFFFFF&w=384&h=288&fm=pjpg&auto=format,LIDO EK KING BED
https://images2.imgix.net/p4dbimg/805/images/310h09_310fr09_b581_solaria_angle.jpg?fit=fill&bg=FFFFFF&trim=color&trimtol=5&trimcolor=FFFFFF&w=384&h=288&fm=pjpg&auto=format,"Shanghai Panel Bed, 6/6 King"
https://images2.imgix.net/p4dbimg/805/images/384h63g_384fr3g_b427_linea_front.jpg?fit=fill&bg=FFFFFF&trim=color&trimtol=5&trimcolor=FFFFFF&w=384&h=288&fm=pjpg&auto=format,Solaria Panel Bed
https://images2.imgix.net/p4dbimg/805/images/307h06_307fr06_b476_silhouette_front.jpg?fit=fill&bg=FFFFFF&trim=color&trimtol=5&trimcolor=FFFFFF&w=384&h=288&fm=pjpg&auto=format,Linea Panel Bed
https://images2.imgix.net/p4dbimg/805/images/307h03_307fr03_b576_silhouette_front.jpg?fit=fill&bg=FFFFFF&trim=color&trimtol=5&trimcolor=FFFFFF&w=384&h=288&fm=pjpg&auto=format,Silhouette Panel Bed
https://images2.imgix.net/p4dbimg/805/images/315h06_315fr06_b600_modulum_angle.jpg?fit=fill&bg=FFFFFF&trim=color&trimtol=5&trimcolor=FFFFFF&w=384&h=288&fm=pjpg&auto=format,Silhouette Panel Bed
https://images2.imgix.net/p4dbimg/991/images/8305-087.1bfk_main_1.jpg?fit=fill&bg=FFFFFF&trim=color&trimtol=5&trimcolor=FFFFFF&w=384&h=288&fm=pjpg&auto=format,Modulum Sleigh Bed
https://images2.imgix.net/p4dbimg/805/images/381h09_381fr09_b539-000_axiom_k1087_angle.jpg?fit=fill&bg=FFFFFF&trim=color&trimtol=5&trimcolor=FFFFFF&w=384&h=288&fm=pjpg&auto=format,Lauro US King Bed
https://images2.imgix.net/p4dbimg/805/images/381h66_381fr66_b981-002_axiom_k1089_angle.jpg?fit=fill&bg=FFFFFF&trim=color&trimtol=5&trimcolor=FFFFFF&w=384&h=288&fm=pjpg&auto=format,Axiom Panel Bed
https://images2.imgix.net/p4dbimg/805/images/384h63b_384fr3b_b435_linea_angle.jpg?fit=fill&bg=FFFFFF&trim=color&trimtol=5&trimcolor=FFFFFF&w=384&h=288&fm=pjpg&auto=format,Axiom Panel Bed
https://images2.imgix.net/p4dbimg/805/images/384h66g_384fr6g_b427_linea_front.jpg?fit=fill&bg=FFFFFF&trim=color&trimtol=5&trimcolor=FFFFFF&w=384&h=288&fm=pjpg&auto=format,Linea Panel Bed
https://images2.imgix.net/p4dbimg/805/images/385h66_385fr66_b356_santa-barbara_front.jpg?fit=fill&bg=FFFFFF&trim=color&trimtol=5&trimcolor=FFFFFF&w=384&h=288&fm=pjpg&auto=format,Linea Panel Bed
https://images2.imgix.net/p4dbimg/1784/images/303h03b_303fr3b_loft_logansquare_fuller_k1393_angle.jpg?fit=fill&bg=FFFFFF&trim=color&trimtol=5&trimcolor=FFFFFF&w=384&h=288&fm=pjpg&auto=format,Santa Barbara Panel Bed
https://images2.imgix.net/p4dbimg/1257/images/753h76_753fr76_b021-002_morgan_k1444_angle.jpg?fit=fill&bg=FFFFFF&trim=color&trimtol=5&trimcolor=FFFFFF&w=384&h=288&fm=pjpg&auto=format,Fuller Panel Bed
https://images2.imgix.net/p4dbimg/1257/images/753h76l_753f76l_l508-002_morgan_front.jpg?fit=fill&bg=FFFFFF&trim=color&trimtol=5&trimcolor=FFFFFF&w=384&h=288&fm=pjpg&auto=format,Morgan Fabric Panel Bed
https://images2.imgix.net/p4dbimg/805/images/311h03_311fr03_b585_albion_angle.jpg?fit=fill&bg=FFFFFF&trim=color&trimtol=5&trimcolor=FFFFFF&w=384&h=288&fm=pjpg&auto=format,Morgan Leather Panel Bed
https://images2.imgix.net/p4dbimg/805/images/314h09g_314fr9g_b617_trianon_k1817_angle.jpg?fit=fill&bg=FFFFFF&trim=color&trimtol=5&trimcolor=FFFFFF&w=384&h=288&fm=pjpg&auto=format,Albion Shelter Bed
https://images2.imgix.net/p4dbimg/805/images/314h09b_314fr9b_b612_trianon_k1816_angle.jpg?fit=fill&bg=FFFFFF&trim=color&trimtol=5&trimcolor=FFFFFF&w=384&h=288&fm=pjpg&auto=format,Trianon Panel Bed
https://images2.imgix.net/p4dbimg/8/images/708_134c_silo.jpg?fit=fill&bg=FFFFFF&trim=color&trimtol=5&trimcolor=FFFFFF&w=384&h=288&fm=pjpg&auto=format,Trianon Panel Bed
https://images2.imgix.net/p4dbimg/8/images/708_144c_silo.jpg?fit=fill&bg=FFFFFF&trim=color&trimtol=5&trimcolor=FFFFFF&w=384&h=288&fm=pjpg&auto=format,Bennington 6/6 Panel Bed
https://images2.imgix.net/p4dbimg/991/images/8305-087.1bfj_main_1.jpg?fit=fill&bg=FFFFFF&trim=color&trimtol=5&trimcolor=FFFFFF&w=384&h=288&fm=pjpg&auto=format,Chadwick Upholstered 6/6 Bed
https://images2.imgix.net/p4dbimg/638/images/b499asbl7y.jpg?fit=fill&bg=FFFFFF&trim=color&trimtol=5&trimcolor=FFFFFF&w=384&h=288&fm=pjpg&auto=format,Lauro US King Bed
https://images2.imgix.net/p4dbimg/638/images/75_76-125.jpg?fit=fill&bg=FFFFFF&trim=color&trimtol=5&trimcolor=FFFFFF&w=384&h=288&fm=pjpg&auto=format,Sylvan Queen Metal Bed Complete
https://images2.imgix.net/p4dbimg/638/images/75-136.jpg?fit=fill&bg=FFFFFF&trim=color&trimtol=5&trimcolor=FFFFFF&w=384&h=288&fm=pjpg&auto=format,Catlins Metal Queen Bed - Complete
https://images2.imgix.net/p4dbimg/0/images/561ck-pf%20impact%20oak%20fo%20ho.jpg?fit=fill&bg=FFFFFF&trim=color&trimtol=5&trimcolor=FFFFFF&w=384&h=288&fm=pjpg&auto=format,Westland Queen Bed - Complete
https://images2.imgix.net/p4dbimg/991/images/tas83001.1bfu_main_1.jpg?fit=fill&bg=FFFFFF&trim=color&trimtol=5&trimcolor=FFFFFF&w=384&h=288&fm=pjpg&auto=format,Lawrence King Bed Tannery and Loom Program
https://images2.imgix.net/p4dbimg/805/images/363h36_363fr36_b428_criteria_k1034_angle.jpg?fit=fill&bg=FFFFFF&trim=color&trimtol=5&trimcolor=FFFFFF&w=384&h=288&fm=pjpg&auto=format,Embassy Horizontal Bed (US King)
https://images2.imgix.net/p4dbimg/991/images/tas82024.1bus.jpg?fit=fill&bg=FFFFFF&trim=color&trimtol=5&trimcolor=FFFFFF&w=384&h=288&fm=pjpg&auto=format,Criteria Shelter Bed
https://images2.imgix.net/p4dbimg/991/images/tas82024.1but.jpg?fit=fill&bg=FFFFFF&trim=color&trimtol=5&trimcolor=FFFFFF&w=384&h=288&fm=pjpg&auto=format,Nova Queen Bed II
https://images2.imgix.net/p4dbimg/991/images/tas82023.c253.jpg?fit=fill&bg=FFFFFF&trim=color&trimtol=5&trimcolor=FFFFFF&w=384&h=288&fm=pjpg&auto=format,Nova Queen Bed II
https://images2.imgix.net/p4dbimg/991/images/tas82023.c254.jpg?fit=fill&bg=FFFFFF&trim=color&trimtol=5&trimcolor=FFFFFF&w=384&h=288&fm=pjpg&auto=format,Nova Queen Bed
https://images2.imgix.net/p4dbimg/638/images/s-modernforge-944-326p.jpg?fit=fill&bg=FFFFFF&trim=color&trimtol=5&trimcolor=FFFFFF&w=384&h=288&fm=pjpg&auto=format,Nova Queen Bed
https://images2.imgix.net/p4dbimg/1737/images/926-144c.jpg?fit=fill&bg=FFFFFF&trim=color&trimtol=5&trimcolor=FFFFFF&w=384&h=288&fm=pjpg&auto=format,Linden Queen Panel Bed - Complete
https://images2.imgix.net/p4dbimg/991/images/tas83025.1bus.jpg?fit=fill&bg=FFFFFF&trim=color&trimtol=5&trimcolor=FFFFFF&w=384&h=288&fm=pjpg&auto=format,Zuma Upholstered Bed - Queen
https://images2.imgix.net/p4dbimg/991/images/tas83025.1but.jpg?fit=fill&bg=FFFFFF&trim=color&trimtol=5&trimcolor=FFFFFF&w=384&h=288&fm=pjpg&auto=format,Nova Poster Tester US King Bed
https://images2.imgix.net/p4dbimg/638/images/s-modernforge-944-316p.jpg?fit=fill&bg=FFFFFF&trim=color&trimtol=5&trimcolor=FFFFFF&w=384&h=288&fm=pjpg&auto=format,Nova Poster Tester US King Bed
https://images2.imgix.net/p4dbimg/991/images/cb83005.c267_main_1.jpg?fit=fill&bg=FFFFFF&trim=color&trimtol=5&trimcolor=FFFFFF&w=384&h=288&fm=pjpg&auto=format,Longview Queen Uph Bed - Complete
https://images2.imgix.net/p4dbimg/638/images/024-300p.jpg?fit=fill&bg=FFFFFF&trim=color&trimtol=5&trimcolor=FFFFFF&w=384&h=288&fm=pjpg&auto=format,Seb US King Bed
https://images2.imgix.net/p4dbimg/638/images/s6b_ansley_024-306r_silo.jpg?fit=fill&bg=FFFFFF&trim=color&trimtol=5&trimcolor=FFFFFF&w=384&h=288&fm=pjpg&auto=format,Sylvan Queen Metal Bed Complete
https://images2.imgix.net/p4dbimg/638/images/s6b_urbancottage_025-306p_kincaid.jpg?fit=fill&bg=FFFFFF&trim=color&trimtol=5&trimcolor=FFFFFF&w=384&h=288&fm=pjpg&auto=format,Hartnell Queen Panel Bed - Complete
https://images2.imgix.net/p4dbimg/638/images/s7b_urbancottage_025-316p_kincaid.jpg?fit=fill&bg=FFFFFF&trim=color&trimtol=5&trimcolor=FFFFFF&w=384&h=288&fm=pjpg&auto=format,Allegheny Queen Panel Bed Complete
https://images2.imgix.net/p4dbimg/638/images/selwyn_020-306p_silo.jpg?fit=fill&bg=FFFFFF&trim=color&trimtol=5&trimcolor=FFFFFF&w=384&h=288&fm=pjpg&auto=format,Oakmont Queen Uph Panel Bed Complete
https://images2.imgix.net/p4dbimg/638/images/selwyn_020-326p_silo.jpg?fit=fill&bg=FFFFFF&trim=color&trimtol=5&trimcolor=FFFFFF&w=384&h=288&fm=pjpg&auto=format,Carlisle Queen Panel Bed Complete
https://images2.imgix.net/p4dbimg/579/images/panel_bed_4e2862fb5a3c7.jpg?fit=fill&bg=FFFFFF&trim=color&trimtol=5&trimcolor=FFFFFF&w=384&h=288&fm=pjpg&auto=format,Kelly Uph Queen Sleigh Bed Complete
https://images2.imgix.net/p4dbimg/638/images/59-132.jpg?fit=fill&bg=FFFFFF&trim=color&trimtol=5&trimcolor=FFFFFF&w=384&h=288&fm=pjpg&auto=format,Queen Panel Bed
https://images2.imgix.net/p4dbimg/638/images/abs_kincaid_aspire_430-1521_silo.jpg?fit=fill&bg=FFFFFF&trim=color&trimtol=5&trimcolor=FFFFFF&w=384&h=288&fm=pjpg&auto=format,Garden Metal Bed 5/0
https://images2.imgix.net/p4dbimg/579/images/master_sleigh_be_4e286e3b01af5.jpg?fit=fill&bg=FFFFFF&trim=color&trimtol=5&trimcolor=FFFFFF&w=384&h=288&fm=pjpg&auto=format,5/0 Aspire Metal Bed Package
https://images2.imgix.net/p4dbimg/758/images/broadway_1202_queen_hbfs_agediron_finish_bestfrienddusk_fabric_angle1.jpg?fit=fill&bg=FFFFFF&trim=color&trimtol=5&trimcolor=FFFFFF&w=384&h=288&fm=pjpg&auto=format,Queen Master Sleigh Bed
https://images2.imgix.net/p4dbimg/758/images/haven_1204_queen_hbfs_agedbrass_finish_royalteal_fabric_angle.jpg?fit=fill&bg=FFFFFF&trim=color&trimtol=5&trimcolor=FFFFFF&w=384&h=288&fm=pjpg&auto=format,Broadway Bed
https://images2.imgix.net/p4dbimg/758/images/royce_1206_queen_cbfs_hammeredbrass_finish_royaltywhite_fabric_angel-1.jpg?fit=fill&bg=FFFFFF&trim=color&trimtol=5&trimcolor=FFFFFF&w=384&h=288&fm=pjpg&auto=format,Haven Bed
https://images2.imgix.net/p4dbimg/758/images/royce_1207_queen_hbfs_hammeredsilver_finish_royaltypeacock_fabric_angle-1.jpg?fit=fill&bg=FFFFFF&trim=color&trimtol=5&trimcolor=FFFFFF&w=384&h=288&fm=pjpg&auto=format,Royce Bed
https://images2.imgix.net/p4dbimg/758/images/1212.jpg?fit=fill&bg=FFFFFF&trim=color&trimtol=5&trimcolor=FFFFFF&w=384&h=288&fm=pjpg&auto=format,Royce Bed
https://images2.imgix.net/p4dbimg/758/images/1214.jpg?fit=fill&bg=FFFFFF&trim=color&trimtol=5&trimcolor=FFFFFF&w=384&h=288&fm=pjpg&auto=format,Madison Bed
https://images2.imgix.net/p4dbimg/758/images/aven_1229_queen_hbfs_mattewhite_finish_naturaloak_fabric_angle-1.jpg?fit=fill&bg=FFFFFF&trim=color&trimtol=5&trimcolor=FFFFFF&w=384&h=288&fm=pjpg&auto=format,Morgan Bed
https://images2.imgix.net/p4dbimg/758/images/avery_1231_queen_hbfs_agediron_finish_chroniclenavy_fabric_angle1-768x768.jpg?fit=fill&bg=FFFFFF&trim=color&trimtol=5&trimcolor=FFFFFF&w=384&h=288&fm=pjpg&auto=format,Aven Twin Bed
https://images2.imgix.net/p4dbimg/758/images/1236.jpg?fit=fill&bg=FFFFFF&trim=color&trimtol=5&trimcolor=FFFFFF&w=384&h=288&fm=pjpg&auto=format,Avery Bed
https://images2.imgix.net/p4dbimg/957/images/35g%20lars--ras%209513-51.jpg?fit=fill&bg=FFFFFF&trim=color&trimtol=5&trimcolor=FFFFFF&w=384&h=288&fm=pjpg&auto=format,Morgan Sectional
https://images2.imgix.net/p4dbimg/1638/images/1121-03_sofa.original.jpg?fit=fill&bg=FFFFFF&trim=color&trimtol=5&trimcolor=FFFFFF&w=384&h=288&fm=pjpg&auto=format,The Choices Grande Sectional
https://images2.imgix.net/p4dbimg/1638/images/3518-03_1_0_5-21-2018_8-09-15_am_1_hr_n4afqbj.original_w0mi211.jpg?fit=fill&bg=FFFFFF&trim=color&trimtol=5&trimcolor=FFFFFF&w=384&h=288&fm=pjpg&auto=format,Grady Sofa
https://images2.imgix.net/p4dbimg/p78/images/51-las-51rsr-chitchat-fog_72-e1571331743956.jpg?fit=fill&bg=FFFFFF&trim=color&trimtol=5&trimcolor=FFFFFF&w=384&h=288&fm=pjpg&auto=format,Miles Sofa
https://images2.imgix.net/p4dbimg/816/images/587-95-924500-83-silo.jpg?fit=fill&bg=FFFFFF&trim=color&trimtol=5&trimcolor=FFFFFF&w=384&h=288&fm=pjpg&auto=format,Gigi Sectional Sofa
https://images2.imgix.net/p4dbimg/p78/images/63las-63rsr-gleam-fawn_72.jpg?fit=fill&bg=FFFFFF&trim=color&trimtol=5&trimcolor=FFFFFF&w=384&h=288&fm=pjpg&auto=format,Jaden Stationary Tufted Sofa 8-Way Tie (Single Bench)
https://images2.imgix.net/p4dbimg/8/images/7928-33.jpg?fit=fill&bg=FFFFFF&trim=color&trimtol=5&trimcolor=FFFFFF&w=384&h=288&fm=pjpg&auto=format,Lola Sectional Sofa
https://images2.imgix.net/p4dbimg/816/images/960-90-980013-91-silo.jpg?fit=fill&bg=FFFFFF&trim=color&trimtol=5&trimcolor=FFFFFF&w=384&h=288&fm=pjpg&auto=format,Kahn Sofa
,Imagine Sofa L & R Recline - W/ Articulating HR
https://www.coloradostyle.com/cid1309/css/1353/images/footerlogo.png,Gabi Fabric Sofa
https://images2.imgix.net/p4dbimg/p78/images/blair%20sectional.jpg?fit=fill&bg=FFFFFF&trim=color&trimtol=5&trimcolor=FFFFFF&w=384&h=288&fm=pjpg&auto=format,Imagine Sofa L & R Recline - W/ Articulating HR
https://images2.imgix.net/p4dbimg/p78/images/11las-11rsr-avoletta-white.jpg?fit=fill&bg=FFFFFF&trim=color&trimtol=5&trimcolor=FFFFFF&w=384&h=288&fm=pjpg&auto=format,Sectional
https://images2.imgix.net/p4dbimg/p78/images/89las-89rsr-clover-parchment.jpg?fit=fill&bg=FFFFFF&trim=color&trimtol=5&trimcolor=FFFFFF&w=384&h=288&fm=pjpg&auto=format,Blaire Sectional
https://images2.imgix.net/p4dbimg/p78/images/13las-13rsr-bliss-midnight-web.jpg?fit=fill&bg=FFFFFF&trim=color&trimtol=5&trimcolor=FFFFFF&w=384&h=288&fm=pjpg&auto=format,Brooklyn Sectional Sofa
https://images2.imgix.net/p4dbimg/p78/images/l23rsr-b2-l23las-b2-arthur-72.jpg?fit=fill&bg=FFFFFF&trim=color&trimtol=5&trimcolor=FFFFFF&w=384&h=288&fm=pjpg&auto=format,Charles Plush Sectional
https://images2.imgix.net/p4dbimg/p78/images/17las-raz-bentley-taupe.jpg?fit=fill&bg=FFFFFF&trim=color&trimtol=5&trimcolor=FFFFFF&w=384&h=288&fm=pjpg&auto=format,Charles Sectional Sofa
https://images2.imgix.net/p4dbimg/p78/images/36las-36raz-conjure-charcoal-web.jpg?fit=fill&bg=FFFFFF&trim=color&trimtol=5&trimcolor=FFFFFF&w=384&h=288&fm=pjpg&auto=format,Dalton Sectional
https://images2.imgix.net/p4dbimg/1258/images/3530lo(2)_3532lo_3541lo_3542lo_296-022_ventura_groupfront.jpg?fit=fill&bg=FFFFFF&trim=color&trimtol=5&trimcolor=FFFFFF&w=384&h=288&fm=pjpg&auto=format,Giorgio Sectional Sofa
https://images2.imgix.net/p4dbimg/p78/images/57-las-57sc-57ras-detroit-lake_72.jpg?fit=fill&bg=FFFFFF&trim=color&trimtol=5&trimcolor=FFFFFF&w=384&h=288&fm=pjpg&auto=format,Ventura Leather Sectional
https://images2.imgix.net/p4dbimg/p78/images/90las-90ras-90sc-millbridge-gunmetal_72-e1539225774513.jpg?fit=fill&bg=FFFFFF&trim=color&trimtol=5&trimcolor=FFFFFF&w=384&h=288&fm=pjpg&auto=format,Max Sectional Sofa
https://images2.imgix.net/p4dbimg/991/images/tasu50103-95_main_1.jpg?fit=fill&bg=FFFFFF&trim=color&trimtol=5&trimcolor=FFFFFF&w=384&h=288&fm=pjpg&auto=format,Zane Sectional
https://images2.imgix.net/p4dbimg/1069/images/sm10-002-silo_0621.jpg?fit=fill&bg=FFFFFF&trim=color&trimtol=5&trimcolor=FFFFFF&w=384&h=288&fm=pjpg&auto=format,Kessler Extended Sofa
https://images2.imgix.net/p4dbimg/957/images/851--2886-71.jpg?fit=fill&bg=FFFFFF&trim=color&trimtol=5&trimcolor=FFFFFF&w=384&h=288&fm=pjpg&auto=format,Sage Reg Sofa
https://images2.imgix.net/p4dbimg/1638/images/1216-03_1_0_5-18-2016_1-17-46_pm_1_hr_ycprihu.original_xfrkpol.jpg?fit=fill&bg=FFFFFF&trim=color&trimtol=5&trimcolor=FFFFFF&w=384&h=288&fm=pjpg&auto=format,Athena Sofa #851
https://images2.imgix.net/p4dbimg/8/images/7662-54-83a.jpg?fit=fill&bg=FFFFFF&trim=color&trimtol=5&trimcolor=FFFFFF&w=384&h=288&fm=pjpg&auto=format,Malloy Sofa
https://images2.imgix.net/p4dbimg/816/images/990-90-927600-85-silo.jpg?fit=fill&bg=FFFFFF&trim=color&trimtol=5&trimcolor=FFFFFF&w=384&h=288&fm=pjpg&auto=format,Alston Sectional
https://images2.imgix.net/p4dbimg/21/images/2361.jpg?fit=fill&bg=FFFFFF&trim=color&trimtol=5&trimcolor=FFFFFF&w=384&h=288&fm=pjpg&auto=format,Oaklee Sofa L and R Full Recline with Articulating Headrest
https://images2.imgix.net/p4dbimg/1638/images/1416-03_1_0_5-24-2016_11-30-53_am_1_hr_hlzgrib.original_91wujkq.jpg?fit=fill&bg=FFFFFF&trim=color&trimtol=5&trimcolor=FFFFFF&w=384&h=288&fm=pjpg&auto=format,Sofa
https://images2.imgix.net/p4dbimg/1638/images/1422-03.jpg?fit=fill&bg=FFFFFF&trim=color&trimtol=5&trimcolor=FFFFFF&w=384&h=288&fm=pjpg&auto=format,Eaton Sofa
https://images2.imgix.net/p4dbimg/1469/images/7743-33.jpg?fit=fill&bg=FFFFFF&trim=color&trimtol=5&trimcolor=FFFFFF&w=384&h=288&fm=pjpg&auto=format,Talley Sofa
https://images2.imgix.net/p4dbimg/1737/images/5195-31.jpg?fit=fill&bg=FFFFFF&trim=color&trimtol=5&trimcolor=FFFFFF&w=384&h=288&fm=pjpg&auto=format,Rivershores
https://images2.imgix.net/p4dbimg/1121/images/393-10.jpg?fit=fill&bg=FFFFFF&trim=color&trimtol=5&trimcolor=FFFFFF&w=384&h=288&fm=pjpg&auto=format,Shaws Cove Apartment Sofa
https://images2.imgix.net/p4dbimg/1638/images/2523-21-15-32.jpg?fit=fill&bg=FFFFFF&trim=color&trimtol=5&trimcolor=FFFFFF&w=384&h=288&fm=pjpg&auto=format,Three Cushion Sofa
https://images2.imgix.net/p4dbimg/1638/images/2915-09_1_0_5-25-2016_12-30-06_pm_1_hr_ikjllxc.original_fotyapa.jpg?fit=fill&bg=FFFFFF&trim=color&trimtol=5&trimcolor=FFFFFF&w=384&h=288&fm=pjpg&auto=format,Hawthorne Sectional
https://images2.imgix.net/p4dbimg/1638/images/3219-03_1_0_5-8-2019_1-29-10_pm_1_hr_levkiqt.original_wvhmzms.jpg?fit=fill&bg=FFFFFF&trim=color&trimtol=5&trimcolor=FFFFFF&w=384&h=288&fm=pjpg&auto=format,Callahan Mini Sofa
https://images2.imgix.net/p4dbimg/1737/images/5253-33.jpg?fit=fill&bg=FFFFFF&trim=color&trimtol=5&trimcolor=FFFFFF&w=384&h=288&fm=pjpg&auto=format,Holiday Sofa
https://images2.imgix.net/p4dbimg/1258/images/7207lo_265-222_burnham_angle.jpg?fit=fill&bg=FFFFFF&trim=color&trimtol=5&trimcolor=FFFFFF&w=384&h=288&fm=pjpg&auto=format,Grant Sofa
https://images2.imgix.net/p4dbimg/1258/images/b6267_1369-021_cantor_angle.jpg?fit=fill&bg=FFFFFF&trim=color&trimtol=5&trimcolor=FFFFFF&w=384&h=288&fm=pjpg&auto=format,Burnham Leather Sofa
https://images2.imgix.net/p4dbimg/8/images/ll7878-01-sect.jpg?fit=fill&bg=FFFFFF&trim=color&trimtol=5&trimcolor=FFFFFF&w=384&h=288&fm=pjpg&auto=format,Cantor Fabric Sofa
https://images2.imgix.net/p4dbimg/p78/images/8911.jpg?fit=fill&bg=FFFFFF&trim=color&trimtol=5&trimcolor=FFFFFF&w=384&h=288&fm=pjpg&auto=format,Ashbury Sectiional
https://images2.imgix.net/p4dbimg/816/images/960-55-09-38-68-33-56-920300-92-silo.jpg?fit=fill&bg=FFFFFF&trim=color&trimtol=5&trimcolor=FFFFFF&w=384&h=288&fm=pjpg&auto=format,3 CUSHION SOFA
https://images2.imgix.net/p4dbimg/1737/images/5178-33cb.jpg?fit=fill&bg=FFFFFF&trim=color&trimtol=5&trimcolor=FFFFFF&w=384&h=288&fm=pjpg&auto=format,Sectionals
https://images2.imgix.net/p4dbimg/1638/images/1217-03_1_0_5-30-2017_1-39-54_pm_1_hr_dtlwaej.original_zt4tatv.jpg?fit=fill&bg=FFFFFF&trim=color&trimtol=5&trimcolor=FFFFFF&w=384&h=288&fm=pjpg&auto=format,Horizon Sofa
https://images2.imgix.net/p4dbimg/p78/images/1971-jalex-concrete_72-e1571262590640.jpg?fit=fill&bg=FFFFFF&trim=color&trimtol=5&trimcolor=FFFFFF&w=384&h=288&fm=pjpg&auto=format,Berkley Sofa
https://images2.imgix.net/p4dbimg/1638/images/2322-03_1b.jpg?fit=fill&bg=FFFFFF&trim=color&trimtol=5&trimcolor=FFFFFF&w=384&h=288&fm=pjpg&auto=format,1971CS Heath Sofa
https://images2.imgix.net/p4dbimg/1638/images/3518-09.original.jpg?fit=fill&bg=FFFFFF&trim=color&trimtol=5&trimcolor=FFFFFF&w=384&h=288&fm=pjpg&auto=format,Dallas Sofa
https://images2.imgix.net/p4dbimg/957/images/622--5402_l8669.jpg?fit=fill&bg=FFFFFF&trim=color&trimtol=5&trimcolor=FFFFFF&w=384&h=288&fm=pjpg&auto=format,Miles Mini Sofa
https://images2.imgix.net/p4dbimg/1638/images/6618-_2_0_11-19-2018_12-49-17_pm_1_hr_wd6tdfp.original_ytrh0k6.jpg?fit=fill&bg=FFFFFF&trim=color&trimtol=5&trimcolor=FFFFFF&w=384&h=288&fm=pjpg&auto=format,Aria Sofa
https://images2.imgix.net/p4dbimg/816/images/950-90-980016-81-silo.jpg?fit=fill&bg=FFFFFF&trim=color&trimtol=5&trimcolor=FFFFFF&w=384&h=288&fm=pjpg&auto=format,Hopkins Sectional
https://images2.imgix.net/p4dbimg/21/images/sherrill-furniture_sf_f460-03_v13_rayburn_oatmeal_front.jpg?fit=fill&bg=FFFFFF&trim=color&trimtol=5&trimcolor=FFFFFF&w=384&h=288&fm=pjpg&auto=format,Hambrick Sofa L and R Full Recline
https://images2.imgix.net/p4dbimg/5/images/ss635-phzl3-088-silo.jpg?fit=fill&bg=FFFFFF&trim=color&trimtol=5&trimcolor=FFFFFF&w=384&h=288&fm=pjpg&auto=format,Sofa
https://images2.imgix.net/p4dbimg/5/images/ss734-phz3-088-silo.jpg?fit=fill&bg=FFFFFF&trim=color&trimtol=5&trimcolor=FFFFFF&w=384&h=288&fm=pjpg&auto=format,Duncan Power Sofa w/Power Headrest & Lumbar
https://images2.imgix.net/p4dbimg/5/images/ss762-phz3-085-silo.jpg?fit=fill&bg=FFFFFF&trim=color&trimtol=5&trimcolor=FFFFFF&w=384&h=288&fm=pjpg&auto=format,Harlan Zero Gravity PWR Sofa w/PWR Headrest
https://images2.imgix.net/p4dbimg/1069/images/sm11-002-silo.jpg?fit=fill&bg=FFFFFF&trim=color&trimtol=5&trimcolor=FFFFFF&w=384&h=288&fm=pjpg&auto=format,Wheeler Power Sofa with Power Headrest
https://images2.imgix.net/p4dbimg/1638/images/3323-09.jpg?fit=fill&bg=FFFFFF&trim=color&trimtol=5&trimcolor=FFFFFF&w=384&h=288&fm=pjpg&auto=format,Sophie Reg Sofa
https://images2.imgix.net/p4dbimg/1258/images/7327lo_296-011_noel_angle.jpg?fit=fill&bg=FFFFFF&trim=color&trimtol=5&trimcolor=FFFFFF&w=384&h=288&fm=pjpg&auto=format,Alfred Mini Sofa
https://images2.imgix.net/p4dbimg/957/images/84--6224_l9821.jpg?fit=fill&bg=FFFFFF&trim=color&trimtol=5&trimcolor=FFFFFF&w=384&h=288&fm=pjpg&auto=format,Noel Leather Sofa
https://images2.imgix.net/p4dbimg/1638/images/6617-03_1_0_11-10-2017_9-04-32_am_1_hr_3en516q.original_dddtju2.jpg?fit=fill&bg=FFFFFF&trim=color&trimtol=5&trimcolor=FFFFFF&w=384&h=288&fm=pjpg&auto=format,Tomlyn Sofa
https://images2.imgix.net/p4dbimg/8/images/7930-33.jpg?fit=fill&bg=FFFFFF&trim=color&trimtol=5&trimcolor=FFFFFF&w=384&h=288&fm=pjpg&auto=format,Gregory Sofa
https://images2.imgix.net/p4dbimg/1069/images/ll24-012-700188-04-400635-12-200385-71-silo.jpg?fit=fill&bg=FFFFFF&trim=color&trimtol=5&trimcolor=FFFFFF&w=384&h=288&fm=pjpg&auto=format,Sakura Sofa
https://images2.imgix.net/p4dbimg/1638/images/1820-03_i3ikoqt.original_kkuftq9.jpg?fit=fill&bg=FFFFFF&trim=color&trimtol=5&trimcolor=FFFFFF&w=384&h=288&fm=pjpg&auto=format,Dekker Conversation Sofa
https://images2.imgix.net/p4dbimg/1064/images/1935-11-1115.jpg?fit=fill&bg=FFFFFF&trim=color&trimtol=5&trimcolor=FFFFFF&w=384&h=288&fm=pjpg&auto=format,Jordan Sofa
https://images2.imgix.net/p4dbimg/957/images/21%20la%20con--2565_l8669.jpg?fit=fill&bg=FFFFFF&trim=color&trimtol=5&trimcolor=FFFFFF&w=384&h=288&fm=pjpg&auto=format,Apartment Sofa
https://images2.imgix.net/p4dbimg/816/images/229-57-68-58-917500-99-silo.jpg?fit=fill&bg=FFFFFF&trim=color&trimtol=5&trimcolor=FFFFFF&w=384&h=288&fm=pjpg&auto=format,Shane Sectional
https://images2.imgix.net/p4dbimg/1069/images/7404-002-400656-82-600385-00-silo.jpg?fit=fill&bg=FFFFFF&trim=color&trimtol=5&trimcolor=FFFFFF&w=384&h=288&fm=pjpg&auto=format,Sectionals
https://images2.imgix.net/p4dbimg/957/images/22%20la%20conversation%20s--ra%20conversation%20s%202243-77.jpg?fit=fill&bg=FFFFFF&trim=color&trimtol=5&trimcolor=FFFFFF&w=384&h=288&fm=pjpg&auto=format,Sierra 3 over 3 Sofa
https://images2.imgix.net/p4dbimg/1638/images/1720-03.original_mgsvu6i.jpg?fit=fill&bg=FFFFFF&trim=color&trimtol=5&trimcolor=FFFFFF&w=384&h=288&fm=pjpg&auto=format,Alan Sectional Sofa
https://images2.imgix.net/p4dbimg/957/images/22%20conversation%20sofa--1937-87.jpg?fit=fill&bg=FFFFFF&trim=color&trimtol=5&trimcolor=FFFFFF&w=384&h=288&fm=pjpg&auto=format,Downing Sofa
https://images2.imgix.net/p4dbimg/1121/images/227-10.jpg?fit=fill&bg=FFFFFF&trim=color&trimtol=5&trimcolor=FFFFFF&w=384&h=288&fm=pjpg&auto=format,Alan Conversation Sofa
https://images2.imgix.net/p4dbimg/1737/images/5252-33.jpg?fit=fill&bg=FFFFFF&trim=color&trimtol=5&trimcolor=FFFFFF&w=384&h=288&fm=pjpg&auto=format,Three Cushion Sofa
https://images2.imgix.net/p4dbimg/8/images/7878-sect.jpg?fit=fill&bg=FFFFFF&trim=color&trimtol=5&trimcolor=FFFFFF&w=384&h=288&fm=pjpg&auto=format,Terra Sofa
https://images2.imgix.net/p4dbimg/816/images/969-55-56-68-919500-89-silo.jpg?fit=fill&bg=FFFFFF&trim=color&trimtol=5&trimcolor=FFFFFF&w=384&h=288&fm=pjpg&auto=format,Ashbury Sectiional
https://images2.imgix.net/p4dbimg/1258/images/p7087a_2571-202_plush_gabi_angle.jpg?fit=fill&bg=FFFFFF&trim=color&trimtol=5&trimcolor=FFFFFF&w=384&h=288&fm=pjpg&auto=format,Sectionals
